{"stats":{"minecraft:mined":{"minecraft:grass_block":5,"minecraft:dirt":1},"minecraft:custom":{"minecraft:jump":83,"minecraft:time_since_rest":872,"minecraft:leave_game":1,"minecraft:damage_dealt":10,"minecraft:deaths":1,"minecraft:sprint_one_cm":5534,"minecraft:play_time":3557,"minecraft:damage_taken":270,"minecraft:time_since_death":765,"minecraft:walk_one_cm":6927,"minecraft:total_world_time":3557,"minecraft:fall_one_cm":6540,"minecraft:fly_one_cm":8277},"minecraft:used":{"minecraft:dirt":6},"minecraft:picked_up":{"minecraft:dirt":6}},"DataVersion":3465}